YEAR,RATE_2Seam,RATE_4Seam,RATE_Cutt,RATE_Curv,RATE_Slid,RATE_Chan,RATE_Sink,RATE_Fork,RATE_Knuc,RATE_Other,SPEED_2Seam,SPEED_4Seam,SPEED_Cutt,SPEED_Curv,SPEED_Slid,SPEED_Chan,SPEED_Sink,SPEED_Fork,SPEED_Knuc,SPEED_Other,WAR
2013,0,58.9,0.4,5.1,22.6,12.3,0,0,0,0.6,0,139.8,134,118.1,127.6,125.8,0,0,0,90.6,6.44
2015,0,60.9,0,4.2,20.6,13.2,0,0,0,1.1,0,137.9,0,120.1,127.3,122,0,0,0,0,1.57
2016,0.1,51.4,0,7.3,24,17.2,0,0,0,0,137,135.9,0,118.5,127.3,122.3,0,0,0,0,0.13
2020,0,55.1,0,9.6,27.8,7.5,0,0,0,0,0,138.5,0,116.1,125.1,127.9,0,0,0,0,-0.09
2021,0,47.3,0,2.8,36.4,13.5,0,0,0,0,0,139.4,0,116.8,129.6,128.5,0,0,0,0,-0.06
2022,0,46.6,0,9.2,30.7,13.5,0,0,0,0.1,0,143.1,0,116.2,134,131.8,0,0,0,0,1.78
2023,0.1,48.9,0,8,29.4,13.3,0,0,0,0.3,139.3,142.3,0,114.5,131.1,128.4,0,0,0,133,1.64
2013,1.9,56.3,0,7.4,16.6,17.6,0,0,0,0.1,142.9,146.3,0,119.6,129.3,132.8,0,0,0,116,2.49
2014,1.3,57.9,0,3.6,19.6,17.5,0,0,0,0.1,143.8,146.5,0,120,130,132,0,0,0,0,4.92
2015,0.8,57.6,0.1,4.3,20.7,15.9,0,0,0,0.6,144.6,146.5,143,119,130,133.4,0,0,0,0,1.21
2016,1.1,58.3,0,4.1,21,14.9,0,0.6,0,0.1,146.4,147.2,0,120.6,131.3,132.5,0,131.8,0,0,6.26
2017,0.5,54.6,0,4,23.8,17,0,0.1,0,0,143,146.8,0,117.5,129.5,131.8,0,133,0,0,4.15
2018,1.7,48.9,0,5.4,17.5,26.4,0,0,0,0,144.3,147.2,0,119.9,131.8,133.9,0,0,0,0,5.29
2013,1.1,61.4,0,4.9,12.4,0.3,0,18.8,0,1,140.3,143.8,139,119.7,133.6,133.5,0,133.9,0,127.9,0.85
2014,0.7,55.9,0,4.8,17.4,0,0,20.4,0,0.8,141.8,143.3,0,119.3,132.6,0,0,133,0,112.8,-0.57
2015,7.6,48.3,0.6,10.6,21.8,6.8,0,2.5,0,1.8,145.3,146.6,138.6,114.7,132.2,132.3,0,133.5,0,60.5,6.87
2016,9.4,47.9,3.6,6.1,19.3,6.1,0,7.6,0,0.1,144.1,146,139.6,116.1,132.6,131.4,0,131.9,0,131,3.65
2017,9.6,31.8,10.4,9.1,17.7,8.2,0,13.3,0,0,143.2,144.6,139,115.5,134.8,131.5,0,130.9,0,0,2.55
2018,15,32.3,21.3,10.9,5.9,4.7,0,9.8,0,0,143.6,146.1,138.5,116.5,135.7,132.6,0,132.8,0,0,5.99
2019,8.6,32.8,30,7.9,3.5,4.1,0,13.2,0,0,144.1,145.4,138,117.8,136.5,132.6,0,133.5,0,0,6.32
2022,0.1,45.4,3.5,12,28.4,10.2,0,0,0,0.3,139,143.8,138.5,121,131.6,131.6,0,0,0,132,3.1
2023,1.6,40.1,13.2,6.5,33.6,4.5,0,0,0,0.6,138.6,144.4,137.5,123.1,131,133,0,0,0,0,2.9
2021,0,42.9,0,8.3,33.6,15.1,0,0,0,0,0,144.4,0,121.1,130.6,130.9,0,0,0,0,2.79
2022,0,42.7,0,11.2,22.1,23.9,0,0,0,0,0,143.4,0,116.5,127.5,130.2,0,0,0,0,0.64
2020,32.4,16.1,0,6.2,26.3,19,0,0,0,0,148.5,149.8,0,128.6,138.9,136.2,0,0,0,0,7.93
2021,34.5,11.8,0,7.4,23.7,22.6,0,0,0,0,147.4,148.8,0,129.2,137.9,135.2,0,0,0,0,2.31
2017,32.1,18.1,0,12.8,29.2,0.5,0,7.3,0,0,143,144.6,0,123.3,133.1,135.5,0,134.7,0,0,3.79
2018,40.8,14.1,0,12.1,30,2.8,0,0.1,0,0,143.8,146,139,124,134.9,133.4,0,134.2,0,0,6.31
2019,41.6,9.4,0.8,20.6,19.3,7.2,0,1.1,0,0,145.3,146.6,139.6,125.4,138.2,134.6,0,133.3,0,0,4.72
2020,35.4,12.5,0.2,22.4,20.6,7.6,0,1.3,0,0.1,143.7,144.4,142,125.1,135.3,133,0,132.1,0,0,3.16
2021,48.3,2.5,0,18.9,21.1,2,0,7,0,0.1,142.4,143.4,0,122.3,134.7,132.2,0,132.7,0,0,1.67
2018,9.3,32.9,0,26.3,1,28.1,0,2.3,0,0,143.2,145.5,0,122,128.6,134.3,0,127.2,0,0,3.83
2013,3.6,53,5.7,6.3,25.7,5.2,0,0,0,0.4,145.2,146.9,141.6,126.5,135.2,134.4,0,0,0,0,2.32
2014,2.6,52.7,3.5,3.7,25.4,11.4,0.5,0.1,0,0.1,145.7,145.4,140.2,125.9,136.5,133.9,144.9,132,0,125,0.4
2015,0.1,62.2,0.1,16.3,14.7,0.4,0,2.2,0,4.1,140,139.4,131,107.5,127.9,126.8,0,126.4,0,114.4,0.85
2016,0,58.2,0,14.3,25.3,0,0,2.1,0,0,0,140.1,0,104.6,129.8,0,0,128.4,0,0,-0.45
2017,33.3,27.6,2.9,13.2,13.8,1.1,0,8,0,0,140.1,143.2,136.2,100.2,127.6,125,0,127.6,0,0,-0.29
2018,2.4,53.2,0.3,10.5,15.7,17.1,0,0.8,0,0,138.6,142.4,130.6,108.9,128.7,129.8,0,129.1,0,0,0.41
2019,25.5,20.1,0,16.2,14.9,0.3,0,22.9,0,0.2,138.2,141.4,0,113.2,128,126.7,0,131.5,0,0,-0.46
2020,1.2,47.2,0,15.6,1.9,0,0,34.1,0,0,141.5,142.4,0,113.9,129.3,0,0,129.7,0,0,3.11
2021,0,45.4,0,13.8,7.5,0,0,33.2,0,0,0,140.4,0,112.9,127.6,0,0,131.6,0,0,3.9
2022,0,46.5,0,17.1,8.6,0.4,0,27.2,0,0.2,0,141.3,0,114.5,125.3,132.9,0,131.8,0,0,3.09
2023,0,46.6,0,14.2,2.9,0,0,36.2,0,0.1,0,139.7,0,116.4,128.3,0,0,131.3,0,0,-0.46
2019,29.5,32.9,0,4.6,16.4,16.6,0,0.1,0,0,148.4,150.5,0,127.9,136.8,135.9,0,136,0,0,2.98
2020,8.8,51.6,0,1.6,20.8,1.2,0,15.9,0,0,150.5,151.6,0,127.7,138.6,137.8,0,137,0,0,8.98
2023,0,49.6,0,2.4,17.1,0.1,0,30.5,0,0.3,0,150.7,0,123.9,135.9,136.2,0,135.2,0,121,5.79
2013,0.3,48,0.2,9.6,35.9,4.6,0,0.9,0,0.5,140.1,145.7,139.8,114.5,134.7,126.7,0,129.8,0,0,1.79
2014,0.5,50.2,0,9.9,35,4.3,0,0,0,0.1,141.4,145.9,0,116.6,133.2,126.4,0,132,0,0,6.07
2015,0,51.5,0,10.4,31.7,3.6,0,0.7,0,2.1,0,144.4,142,114.3,131.7,126.5,0,130.1,0,122,5
2016,0.1,45.7,0.2,10.2,34.9,8.4,0,0,0,0.4,139,145,136.5,115.7,132.7,125.8,0,122,0,101,3.59
2018,2.4,43.1,0,8.8,43.9,1.8,0,0,0,0,134,147.3,0,115.7,136.3,130.4,131,0,0,0,6.22
2019,0,39.2,0,9.3,37.3,0,0,14.1,0,0,0,147.2,0,112.4,136.6,0,0,127.8,0,0,7.3
2022,0.1,27,0,12.2,38.4,1.7,0,20.4,0,0.2,141.2,145.4,0,114.7,135.2,131.6,0,129.5,0,133,6.44
2023,0,29.4,0,11.8,34.2,1,0,23.1,0,0.4,0,144.2,0,112.4,132.2,128.9,0,128.3,131,132,4.48
2013,19.1,41.6,0.9,17,2.9,18.3,0,0,0,0.3,142.4,144,141.6,117,132.4,130,0,0,0,108.6,2.99
2014,17.4,38.6,4.7,14.7,1,22.3,0.8,0,0,0.4,140.8,142.1,141.1,114.9,133.3,129.6,140.4,131,0,120.4,1.68
2015,10.1,45.1,2.2,15,6.9,18.6,0.3,0.3,0,1.3,140.5,142.4,138.2,114.4,130.9,129.6,142.9,131.4,0,128,3.3
2016,21.3,26.5,9.8,20,4,18.4,0,0,0,0,140.4,140.8,138.6,111.6,130.3,128.9,0,137,0,0,3.35
2017,10.2,22.5,23.3,19.9,0.3,23.8,0,0,0,0,138,138.5,137.1,108.7,131.3,127.3,0,0,0,0,1.24
2019,39.6,8.4,2.5,12.5,8.6,28.4,0,0,0,0,136,137.7,136.2,108.5,135.3,127.1,0,0,0,0,0.77
2014,14.3,28.4,14.1,8.6,17.8,16,0.1,0,0,0.6,137.2,138.2,134.1,117.9,132.2,125.7,135.5,127,0,126,3.52
2022,0.9,53.5,0,1.4,34.6,9.1,0,0.3,0,0.1,152.3,152.3,0,122.9,133.5,132.3,0,135.1,0,128,2.68
2020,37,12.5,0.4,6.9,17.9,25.2,0,0,0,0,141.4,143.4,138.4,120.4,135,129.5,0,0,0,0,3.24
2021,41.3,7.1,3.2,6.8,19.5,22,0,0,0,0.1,140.2,142.9,138.7,121,136.9,129.2,0,0,0,0,2.1
2022,38.8,0.6,3.7,9.7,27.3,19.8,0,0,0,0,143.3,141.7,140.2,122.6,140.9,131.1,0,0,0,0,4.7
2023,37,2.6,7.8,12.2,19.1,20.4,0,0,0,0.9,139.5,139.8,139.3,120,138.5,128.9,0,0,0,0,-0.19
2013,0,70,0,0,21.1,8.9,0,0,0,0,0,140.5,0,0,130.8,132.4,0,0,0,0,-0.11
2014,0,67.6,0,4.3,21.1,4.4,0,2.7,0,0,0,141.4,0,114.3,130.6,131.4,0,131,0,0,0.62
2015,1.5,67.5,0,5.2,18.3,3.9,0,1.2,0,2.3,138.6,141.1,0,113.1,129.7,129.2,0,131.8,0,126,0.16
2016,0.1,71.7,0,6,16.6,3.8,0,1.8,0,0,131,140.7,0,110.3,129.8,130.9,0,132.5,0,0,0.95
2017,0,59.1,0,5.3,16.4,19.2,0,0.1,0,0,0,138.3,0,109.1,129.1,129.4,0,129,0,0,3.28
2018,0,51.4,0,5.8,17.1,25.8,0,0,0,0,0,138.5,0,113.3,129.3,129.3,0,0,0,0,3.5
2019,0,47.9,0,7.9,20.3,23.8,0,0,0,0,0,137.3,0,110.3,129,129.4,0,0,0,0,2.99
2020,0,50,0,10.2,19.8,20,0,0,0,0,0,138.9,0,116.4,131,130.7,0,0,0,0,0.36
2021,8.1,43.7,0,5.8,24,18.4,0,0,0,0,133.8,136.6,0,114.7,127.3,129.2,0,0,0,0,6.15
2022,22.1,25.6,0,6.3,28.5,17.3,0,0.3,0,0,133,136.3,0,118.9,128.6,127.6,0,126.2,0,0,1.75
2023,0.9,40.3,0,5.7,30.5,22.5,0,0,0,0.1,131.8,136.3,0,118.9,124.9,124.7,0,0,0,0,3.09
2019,34.5,11.4,5.5,16.7,5.8,26,0,0,0,0,142.7,144.7,137.3,127,136.3,131.9,0,0,0,0,4.98
2020,32.7,11.3,1.3,12.6,17.3,24.8,0,0,0,0,140.6,142.4,139.2,128.2,135.5,129.7,0,0,0,0,2.19
2018,0.5,57.8,0,12,21.1,7.2,0,1.4,0,0,145.3,145.3,0,115.6,131,127.9,0,127.1,0,0,-0.51
2021,0,58.6,0,8.1,18.7,5.6,0,9,0,0,0,146.1,0,115.8,136.7,128.9,0,131.6,0,0,2.45
2022,0,46,0,11.4,24,9.4,0,9,0,0.2,0,147.6,0,118.4,137.2,130.5,0,133.9,0,0,3.53
2023,0,42.8,0,17.7,23.1,15.4,0,0,0,1,0,147.8,0,118.2,136.7,129.6,0,130,0,0,4.36
2018,0,58,0,8.7,31.4,1.9,0,0,0,0,0,148.4,0,123.4,137.2,132.1,0,0,0,0,-0.47
2019,0,51.2,0,12.8,31.3,4.6,0,0,0,0,0,147.2,0,125.1,137.5,133.2,0,0,0,0,0.44
2020,0,60.2,0,14.3,23.4,2,0,0,0,0,0,152.4,0,130.3,140.8,138.2,0,0,0,0,1
2021,0.1,52.5,0,17.3,24.1,5.9,0,0,0,0.1,156.5,151.5,0,127.4,140.5,134.3,0,0,0,0,2.73
2022,0,42.2,0,16.8,30.3,10.1,0,0.1,0,0.4,0,153.5,0,128.7,142.4,134.2,0,138.8,0,0,8.45
2023,0,50.3,0,14.5,26.3,8.7,0,0,0,0.2,0,153,0,129.2,142.4,136.3,0,0,0,0,6.86
2013,0.1,58.9,0,0.6,17.9,22.1,0,0,0,0.5,137.7,141.2,0,123.1,127.4,128.7,0,132,0,0,5.52
2014,0,63.1,0,0,14.5,22.2,0,0,0,0,142,140.6,0,126,128.2,128.1,0,0,0,0,2.04
2015,0,58.4,0.2,0.2,21.7,17.5,0,0,0,1.9,0,141.4,135,121.5,127.6,128.9,0,0,0,130,1.91
2013,0,60.5,0,1,26.5,11.8,0,0,0,0.2,0,145.3,0,111.8,129.9,127.3,0,0,0,0,4.34
2014,0,55.9,0,4.9,25.3,13.7,0,0,0,0.2,0,143.9,0,117.2,129,126,0,0,0,110.6,5.82
2015,0,56.6,0,7.1,21.2,13.8,0,0,0,1.3,0,140.9,0,115.1,125.2,123.3,0,0,0,0,9.39
2016,0,58.5,0,4.2,21,16.2,0,0,0,0,0,143,0,116.1,127.7,126.7,0,0,0,0,7.13
2017,0,60.4,0,6,15.3,18.3,0,0,0,0,0,143.9,0,117.6,128.8,128.8,0,0,0,0,6.15
2018,1,57.3,0,3.6,16.8,21.3,0,0,0,0,139.6,143.8,0,119.1,128.7,129.1,0,0,0,120,5.84
2019,0,60,0,1.8,18.2,20,0,0,0,0,0,142.9,0,117.2,130,129.1,0,0,0,0,8.18
2020,0,57.4,0,4.3,16.6,21.7,0,0,0,0,0,144.2,0,121.1,130,130.1,0,0,0,121,4.87
2022,0,52.2,0,4.1,22.4,21.2,0,0,0,0.1,134,142.4,0,118.3,128.5,128.6,0,0,0,0,3.07
2023,0,53.3,0,2.5,19.9,24.2,0,0,0,0.1,0,142,0,118.9,127.8,129.5,0,0,0,0,3.54
2016,29.1,32.6,0.1,11.5,21,2.5,2,1.2,0,0.1,145.9,147.7,139,126.4,134.5,136.1,143.8,137,0,135.5,2.83
2016,1.3,42.1,0,4.8,45.3,6,0.4,0,0,0.1,133.9,134.5,0,119.4,121.1,122.3,131,134,0,0,5.21
2017,0.1,34.7,0,0.5,57,7.6,0,0,0,0.2,131,134.5,0,117.8,123.5,123.3,0,0,0,112,2.69
2018,0,48.8,0,0.1,45.1,5,1.1,0,0,0,0,135.7,0,109,123.4,125.2,132.1,0,0,0,0.4
2019,0,40.4,0,0,29.8,29.8,0,0,0,0,0,134.9,0,0,121.8,123.6,0,0,0,0,0.6
2020,0,40.5,0,0,44.6,14.9,0,0,0,0,0,135.5,0,0,120.4,125.2,0,0,0,0,-0.12
2021,0,23.1,0,0,39.8,37.1,0,0,0,0,0,134.9,0,0,123.1,124.5,0,0,0,0,0.03
2022,0,28.4,0,0,61.7,8.6,0,0,0,1.2,0,138.7,0,0,125.7,127.7,0,0,0,0,-0.09
2013,13.2,56.5,1.2,6,17.1,2.6,0,1.7,0,1.7,136.8,139.4,134.6,115.4,131.9,130,0,128.3,0,0,-0.07
2014,8.2,48.3,11.8,7.5,18.5,1.2,0,2.2,2.3,0,135.4,138.9,133.9,113.9,131.1,128.3,0,129.5,113,0,1.55
2015,2.2,60.2,1.8,4.3,19.7,2.2,0,7.1,0.5,2,134.4,137.1,133.4,114.1,130.6,129.2,0,130.3,119.4,125,0.3
2016,7.6,65.7,10.2,3,7.6,1,0,3.8,0.7,0.4,135.3,138.5,133.9,116.4,131.2,129.8,0,131.4,112.9,0,1.72
2017,23.3,42.8,15.4,5.8,2.8,1,0,2.7,5.7,0.6,133.9,137.3,132.5,115.5,126.8,128.1,0,128,114.6,119,-0.44
2018,19.9,41.6,12.9,2.9,4.3,0.2,0,7,11.1,0,134.1,137.7,133.4,116.5,126.5,129,0,129.5,115.5,0,0.33
2019,22.6,27.4,20.2,4.8,7.1,0,0,13.1,4.8,0,133.6,136.9,132.4,117,130.3,0,0,127.9,119.3,0,-0.08
2018,17.1,31.9,4.4,8.7,20.8,17.2,0,0,0,0,141.7,144.3,136.8,127.6,136.2,134.5,0,0,0,141,2.83
2013,0,56.1,0,12.7,10.1,0.5,20.1,0,0,0.3,131,132,0,107.4,120.1,122.8,121.6,0,0,0,3.58
2014,0.1,50.8,0,10.2,10.5,0.1,28.2,0,0,0.1,120,131.6,0,106.3,118.9,116.3,119.8,0,0,0,3.88
2015,0.1,42.1,0,12.3,11.7,0.7,31.6,0,0,1.5,126.5,127.3,0,103.5,118.2,110.5,117,0,0,119.5,5.22
2016,0.2,43.4,0,11,18.1,0,27.1,0,0,0.2,128.4,128.4,0,108.8,120.6,0,118.9,0,0,123,4.44
2017,0,43.3,0,7.3,13.3,0,36.1,0,0,0.1,0,128.9,0,102.2,121.5,0,120.6,0,0,103.5,3.41
2018,0,42.6,0.1,10.8,12.7,0.1,29.9,3.9,0,0,0,129.6,128,101.6,121.1,113.5,120.7,116,0,0,-0.18
2019,0,39.2,0,8.1,15.7,0,36.8,0.2,0,0,0,129.1,0,101.5,122.8,0,120.8,121.8,0,0,3.55
2020,0,39,0,10.4,12.3,0,37.5,0.8,0,0,0,129,0,100.9,122.6,123,121.3,111.2,0,0,1.38
2021,0,42.7,0,11.4,14.9,0,31,0,0,0,0,128.6,0,102,122.4,0,121.3,0,0,0,-0.63
2019,2.2,42.5,3.9,9.4,19.8,21.8,0,0.3,0,0,138.4,139.9,132.9,111.9,127.6,119.9,0,125,0,0,1.42
2020,0,50.3,0.1,6.6,19.2,23.8,0,0,0,0,0,142.6,136.5,112.6,129.9,123.5,0,0,0,0,2.44
2021,0.1,46.4,0,6.8,17.1,29.5,0,0,0,0,138,144.4,0,116.8,128.2,124.7,0,0,0,0,6.03
2022,0.1,43,0,6.1,24.4,26.3,0,0,0,0.1,144.3,145,0,117,131.8,125.4,0,0,0,0,4.67
2023,0,41.3,2.5,4.4,26,25.8,0,0,0,0.1,0,144.5,138.1,113,133.7,124.6,0,0,0,0,4.48
2014,14,45.6,10.1,13.8,2.5,13.1,0.8,0.1,0,0.1,141.6,142.9,137.4,115.7,134.3,128.7,140.9,127.5,0,109.2,4.66
2019,34,20.8,0.1,17.2,18.3,0,0,9.5,0,0,148,149.6,137,124.3,133.7,0,0,139.3,0,0,0.73
2014,1.3,0,78.1,17.6,0,0,0,2.9,0,0.1,133.5,0,133.8,117.9,0,0,0,127.6,0,0,0.25
2015,0.2,0,68.4,27.9,1.7,0.5,0,0.2,0,1,0,0,134.1,115.9,0,119.5,0,127,0,0,0.68
2016,0,0,73.6,25.4,0.6,0.4,0,0,0,0,0,0,132.8,113.7,0,125,0,0,0,0,-0.06
2017,0,0,77.3,22.6,0,0,0,0.1,0,0,0,0,132.9,114.7,0,0,0,129,0,0,0.29
2018,0,0,66.7,27.7,2.8,0,0,2.7,0,0,0,133,131.7,111.1,126,0,0,125.8,0,0,2.69
2019,0,0,74.2,21.4,2.8,0.1,0,1.5,0,0,0,0,129.6,110.6,118.5,127,0,124.7,0,0,0.07
2020,0,0,63.6,36.4,0,0,0,0,0,0,0,0,130.7,117.3,0,0,0,0,0,0,-0.06
2013,10,45.7,3.8,4.7,17.8,17.3,0,0,0,0.6,142.5,145.8,139.5,126.4,134.2,134.3,0,0,0,0,6.8
2014,26.4,27.3,5.8,13,12.8,14,0,0.3,0,0.2,141.4,143.2,140,122.5,132.1,132.1,0,131,0,0,3.33
2015,7.4,39.8,6.2,13,20,11.3,0,0,0,2.3,136.7,138.2,134,120.5,129,128.4,0,0,0,130,0.06
2013,9.2,52.3,0.2,6.1,22,9.1,0,0,0,1,145.5,148.8,138.6,117.6,133.7,133.6,0,0,0,125,3
2014,2.2,61,1.1,7.6,26.8,1,0,0.4,0,0,142.9,150.5,141.2,118.9,136.6,134.1,0,139.6,0,0,6.37
2020,9.8,33.8,13.9,19,1.1,22.3,0,0,0,0.1,145.5,146.6,142.3,120.6,141.3,132.1,0,0,0,0,5.71
2021,2.3,28.6,1.1,14.9,28,24.8,0,0,0,0.2,143.7,145.2,141.8,120.8,139.8,130.3,0,0,0,0,5.69
2022,5.5,22.9,0,14.9,32.9,23.6,0,0,0,0.2,145.3,144.8,0,120.7,140.1,130.5,0,0,0,0,5.75
2023,11.3,14.2,22.1,15.9,15.2,21.2,0,0,0,0.2,146.6,146.7,142,123.7,141.9,132.6,0,0,0,0,6.31
2023,26.4,26.7,1.6,13.5,14.9,16.5,0,0,0,0.5,145,146.1,138.4,129.6,136.9,133,0,0,0,139,7.12
2018,0.6,51.1,21,11.3,0.1,12.8,0,3.1,0,0,147.1,150.7,143.6,129,142,140,0,137.1,0,0,3.18
2019,0.1,48.6,10.6,20.7,1.4,1.1,0,17.4,0,0,144.3,151.2,143.3,134.1,142,139.7,0,140,0,0,6.64
2021,0,60.7,0,0,8.5,3.5,0,27.3,0,0,0,146.3,0,122,130.7,130.7,0,129.6,0,0,7.49
2022,0,58.9,0,1.7,13.1,0,0,26.3,0,0,0,141.3,0,108.3,124.1,0,0,124.8,0,0,-0.11
2013,0,40,0,4.4,27.1,18.3,9.6,0,0,0.7,0,135.7,0,120.6,124,121.7,131.6,0,0,98.5,-0.17
2014,0,51.3,0,0.7,23.1,22.5,1.8,0,0,0.7,0,137.6,0,116,127,124.1,132.2,0,0,0,-0.08
2017,0.7,44,0,3.5,18,29.8,3.6,0.1,0,0.2,132.1,136.3,0,118.3,124.3,121.2,131.6,126,0,120,3.68
2018,0.1,35.3,0,1.3,12.7,36.7,13.8,0,0,0.1,134,135,0,117.6,125.5,120.4,131.2,0,0,0,1.21
2019,0.7,45,0,0.4,8.4,37.9,7.3,0.4,0,0,130.2,136.1,0,118.3,127.8,122.1,131.7,130.7,0,0,0.34
2020,0.3,36.5,0,1,20.1,31.7,10.5,0,0,0,133.2,137.1,0,120.5,128.4,124.5,133.8,0,0,0,2.99
2021,0,44.3,0,0.9,17.8,31.6,5.5,0,0,0,0,138.2,0,120.9,128.7,124.7,135.2,0,0,0,3.27
2022,0,28.1,0,1,16,38.5,16.5,0,0,0,0,137.5,0,121.1,128.6,124.4,135.3,0,0,0,2.51
2023,0,29.9,0,0.1,17.8,39.4,12.7,0,0,0.1,0,137.2,0,118,128.9,124.9,135.7,0,0,0,1.54
2021,7,53.8,0,16.2,20,0.6,0,2.4,0,0,145.4,149.2,0,117.7,131.7,132.6,0,130.9,0,0,4.09
2022,1.8,68.2,0,13.5,14.7,0.1,0,1.5,0,0.2,145.9,149,0,115.6,132.2,134.3,0,131.3,0,0,5.58
2023,35,0,1.5,31.9,18.7,12.6,0,0,0,0.3,150,149,144.8,131.3,141.7,140.7,0,0,0,145,7.95
2013,8.9,41.4,0.9,3.6,28.2,16.9,0,0,0,0.1,139.5,141,138.9,122.8,130.6,130.4,0,0,0,0,1.53
2020,30,19.3,0,6.5,27.9,12.8,0,3.6,0,0,148.6,149.9,0,125.2,136.8,135.2,0,136.7,0,0,1.15
2013,4.5,39.2,28.2,19.1,6.4,2.1,0,0,0.4,0.2,141.7,142.8,137.6,118.6,133.6,130.9,0,0,122.7,0,5.49
2014,5.1,37.8,23.1,16.1,4.1,8.8,0,0.1,4.8,0.1,140.3,141.8,136.6,117.9,131.9,128.9,0,130,124.4,117,5.52
2015,2.9,35,11.5,18.2,14.2,8.8,0,0.1,6.2,3,139.4,141,136.9,116.6,131.3,129.5,0,134.5,125.7,126,5.37
2013,0,53,0,19.7,3,0,0,24.2,0,0,0,143.7,0,115.1,124.5,0,0,125.6,0,0,0.07
2014,0.6,50.1,0,4.8,4.5,1.7,0,37.9,0,0.4,144.4,145.7,0,118.5,128.2,126.2,0,127,0,110,0.7
2016,0,53.5,0,17.2,13.4,0,0,15.9,0,0,0,144.6,0,119.5,129.8,0,0,128.4,0,0,0.23
2017,0,53.1,0,14.5,4.3,0,0,27.8,0,0.3,0,144.2,0,120.1,127.3,0,0,126.7,0,120,0.69
2018,11,35.6,0,19.8,8.8,0.1,0,24.8,0,0,141.3,142.7,0,119.9,130.4,124.7,0,125.9,0,0,4.09
2019,1.8,42.7,0,14.8,11,1,0,28.5,0,0,142.8,142.4,141,120.9,132.7,127.6,128,127,0,0,1.72
2020,1.1,41.8,0,18.8,12.2,1.5,0,24.6,0,0,140,141.2,0,121,129.1,127.6,0,128.1,0,0,-0.13
2021,0,50.7,0,14.3,2,0,0,33.1,0,0,0,146.2,0,124.4,134.6,0,0,130.5,0,0,1.38
2022,0,41.3,0,6.5,4.9,0,0,47.3,0,0,0,147.3,0,125,136,0,0,131.3,0,0,2.24
2023,0,48.8,0,4.7,2.4,0,0,44.1,0,0,0,146.5,0,123.3,134.4,0,0,130.3,0,0,0.72
2022,11.8,37.4,0,2.2,28.3,20,0,0,0,0.3,142.4,143.7,0,116.9,128.5,127.5,0,0,0,0,5.7
2023,9.4,34.4,0,0.3,33.2,22.2,0,0,0,0.5,142.7,143.9,0,116.9,128.9,127.3,0,0,0,128.5,5.74
2013,1.6,47.2,3.7,16,27.4,1,0,2.7,0,0.4,143.2,146.4,141.8,128.2,138.6,137.2,0,137.4,0,116.2,2.41
2018,0,48.5,0,7.4,24.1,20,0,0,0,0,0,139.7,0,110.2,128.7,124.1,0,0,0,0,0.92
2019,0,50.3,0,6.3,23.4,20,0,0,0,0,0,138.9,0,111.1,128,123.7,0,0,0,0,0.7
2020,0,46.6,0,6.8,28.3,18.2,0,0,0,0,0,138.9,0,112.6,129.3,124,0,0,0,0,4.22
2021,0,47,0,6.8,31.5,14.7,0,0,0,0,131,136.9,0,109.6,128.1,122.2,0,0,0,0,2.51
2023,0,37.8,0,6.1,36.8,19.2,0,0,0,0.1,0,137.6,0,109.5,128.3,121.9,0,0,0,0,0.21
2015,0,57.9,0,29.6,0,1.4,8.8,0,0,2.3,0,130.4,0,118,0,119.8,130.1,0,0,118.3,1.81
2016,7.3,39.3,0,32.4,0,0,18.7,0,0,2.3,129.3,130.7,0,119.1,0,0,129.9,0,0,129.5,1.49
2017,0.3,48.6,0,37.2,0,3.9,8.8,1.1,0,0.2,130,131.4,0,119.1,0,123.6,128.6,122.9,0,126.8,4.01
2018,0.1,41.4,0,42,0,4,12.2,0.3,0,0,130,131.5,0,119.1,130,123.9,128.4,124.6,0,0,5.09
2019,0.1,41,0,44.4,0,4.6,9.8,0,0,0,129.3,132.6,0,119.5,0,124.1,130.1,0,0,0,3.51
2020,0.2,28.5,0,40,0,6.3,24.9,0,0,0,131.1,134.1,0,120.2,125,123.1,131.6,0,0,0,3.11
2021,0,13.6,0,30.2,0,7.3,48.9,0,0,0,0,133.3,0,122,0,123.9,130.9,0,0,0,2.09
2022,0,2.8,0,23.5,0,2.6,70.9,0,0,0.1,0,135,0,119.7,0,120.1,130.8,0,0,0,0
2023,0,3.5,0,30.2,0,1.1,64.7,0,0,0.4,0,136.4,0,121.7,0,124.1,132.4,0,0,0,0.39
2015,0.4,40.5,0,25,9.2,18,4.1,0,0,2.8,131.7,133.4,0,112.4,120.3,116.5,124.2,0,0,123.5,0.54
2016,0.4,34.7,0,26.7,6,30.8,1.3,0.1,0,0.1,132,133.7,0,111.2,126.4,116.4,122.8,132,0,0,0.92
2017,11.4,21.6,0,18.8,0.3,33.5,14.2,0,0,0,134.3,133.9,0,111,117.7,115.1,134.2,0,0,0,3.78
2018,0.2,28,0,17.3,0.1,41.1,13.3,0,0,0,131.4,134.9,0,114,124.3,116.4,132.5,0,0,0,2.7
2021,0,27.2,0,13.3,6.5,40.6,12.3,0,0,0.1,139,137.1,0,115,128.8,118.6,137.7,0,0,0,5.65
2022,0,0.6,0,12.6,2.8,45.4,38,0,0,0.7,0,136.2,0,114.5,126.5,119.1,136.8,0,0,0,5.31
2023,0.1,27.4,0,13.3,2.3,38.3,18.4,0,0,0.2,139.7,134.3,0,113.2,123.9,116.2,134.4,0,0,0,5.91
2013,0,56.1,0,11.6,23.3,3.6,0,2.6,0,2.8,0,144.6,0,118.3,130.9,131.6,0,129.6,0,0,-0.16
2016,0.4,54.6,0,8.2,17.3,1.2,0,18.3,0,0.1,141.5,142.9,0,113.1,128,128.1,0,129.2,0,0,0.21
2017,0.6,51.4,0,13.4,17.2,3.1,0,14.1,0,0.1,136.9,143.4,0,116.5,131.2,122.3,132,130.7,0,120,2.48
2018,1.3,45.1,0.3,14.7,28.8,8.5,0,1.4,0,0,140.9,144.1,136.1,122.3,135.8,129,0,132.8,0,0,3.61
2019,0,45.5,1,13.9,27.3,11.9,0,0.4,0,0,0,143.9,140.8,123.4,136.5,126.6,0,128.3,0,0,4.16
2020,0,46.2,0,12.4,28.5,12.9,0,0,0,0,0,143.4,0,122.2,134.7,129.6,126,0,0,0,4.23
2021,12.6,30,0,9.9,33.6,14,0,0,0,0,140.4,142.5,0,122.8,136,129.2,0,0,0,0,1.74
2022,0,43.6,0,9.3,36.2,10.9,0,0,0,0,0,147.3,0,126.3,138.8,132.7,0,0,0,0,-0.16
2023,2.8,40.1,0,6.2,34.5,12,0,4.2,0,0.2,142.6,145.3,0,121.3,136.1,129.2,0,132.6,0,0,0.78
2013,0.1,62.5,0,6.6,15.5,14.8,0,0,0,0.5,138,140.9,0,111.3,127.9,124.8,0,0,0,112,0.26
2016,0.1,54.3,0,17.8,3.3,24.1,0.2,0.1,0,0.1,0,139.5,0,111.3,124.9,121.8,120,126,0,0,0.18
2017,3.6,43.5,0,22.7,4.6,25.4,0,0,0,0.2,138.3,138.8,0,110.2,124.4,120.4,0,0,0,91,2.46
2018,1.6,47.4,0,20.8,4.7,25.4,0,0,0,0,135.6,138.7,0,108.4,128.2,121.2,0,0,0,0,1.41
2019,2.9,46,0,20.1,5.7,25.3,0,0,0,0,133.7,138.9,0,109.3,128.4,122.4,0,0,0,0,0.14
2020,0,40.6,0,23.5,1.6,34.3,0,0,0,0,0,139,0,109.3,127.9,125,0,0,0,0,2.83
2021,0,46.2,0,17.7,15.8,20.4,0,0,0,0,0,143.2,0,113.2,132.4,126.7,0,0,0,0,1.79
2022,0.2,44.6,0,18.6,12.1,24.4,0,0,0,0.1,140,141.2,0,113,129.5,125.8,0,0,0,0,0.72
2023,0,39,0,23.3,4.8,32.6,0,0,0,0.2,0,141.3,0,110.7,130.5,127.5,0,0,0,0,3.4
2018,6.6,47.5,4.3,16.5,1.8,23.4,0,0,0,0,141,143.1,138.4,116.8,139.6,132.3,0,0,0,0,4.34
2018,3.8,50.1,0.1,13.6,14.8,17,0,0.5,0,0,145,148.3,139.8,122.7,137.6,133,0,133.1,0,0,3.04
2020,2,42.1,0,6.9,22.7,22.9,0,3.4,0,0.1,137.9,139,0,114.4,126,121.1,0,120.5,0,0,0.27
2021,0,30.8,0,5.4,26,37.3,0,0.4,0,0.1,0,140.2,0,113.3,130.6,125.5,0,120.7,0,0,3.51
2022,5.5,22.7,2.6,1.8,27.9,37.9,0,1.3,0,0.2,139.7,142.4,137.9,115.6,135.2,127.2,0,128.6,0,0,1.89
2023,0.5,26.4,3.4,2.7,25.2,41.3,0,0,0,0.4,138.7,141.1,137.4,114.6,135.4,127,128,0,0,130,1.91
2013,1.7,53.9,0,6.7,2.9,4.9,0,29.7,0,0.2,138.2,140.9,0,117.3,126.6,128.2,0,127.3,0,0,3.55
2014,1.7,48.7,0,6.5,0.1,5.1,0,37.6,0,0.2,137.7,141.3,134,116.1,130.4,129.1,0,126.6,0,0,6.68
2015,0.1,53.5,0.3,7.6,1.4,1.1,0,35.4,0,0.7,138.5,141.7,139.2,117.6,128.7,127.6,0,125.8,0,0,5.56
2016,0.1,56.8,0,8.6,0.5,0.6,0,33.2,0,0.2,131,139.8,0,117.6,128,128.6,0,124.7,0,0,2.58
2017,0.1,56.7,0,5.3,0,6,0,32,0,0,136.5,139.2,0,116.6,0,128.5,0,124.1,0,0,4.26
2015,11.7,49.2,2.7,14.3,9.5,10.9,0.2,0,0,1.5,144.5,146.1,139.5,129.7,134,132.2,141.7,133,0,120.8,4.28
2019,29.5,18.1,2.7,14.4,16.9,18.4,0,0,0,0,140.6,143.2,135.5,122.9,134.6,128.1,0,0,0,0,3.3
2020,18.4,27.2,15.7,12,8.4,18.3,0,0,0,0,140.9,142.3,137.6,124.6,134.5,129.8,0,0,0,0,3.49
2021,17.9,24.9,23.8,16.1,2.7,14.5,0,0,0,0.1,143.1,144.8,138.7,128.1,135.9,131.5,0,0,0,0,2.52
2022,18,25.1,0,1.8,30.5,22.8,0,0,0,1.8,143.6,145.6,0,124.7,136,132.8,0,0,0,0,0.39
2023,3.7,33.4,22.4,12.4,12.3,14.6,0,0,0,1.1,145.1,146,139.5,128.4,132.9,133,0,0,0,0,4.57
2015,0,62.7,0,8.3,22.2,3.1,0,0.7,0,3.1,0,141.3,0,115.2,127.7,127.3,0,127,0,134,-0.13
2016,0,59.6,0,7.3,22.5,2.8,0,7.3,0,0.6,0,140.9,0,115.2,127.8,127.8,0,128.7,0,128,-0.01
2017,0.1,56.7,0.2,11.8,15.2,5.6,0,10.3,0,0,137.7,141.1,136.5,114.2,126.1,126.7,125,127.2,0,0,1.75
2018,2.5,46.8,0,11.6,12.3,1.1,0,25.7,0,0,136.3,143.8,0,116.6,129,126.1,0,129.6,0,0,1.11
2019,0.4,52.2,0,12.8,14.8,0,0,19.8,0,0,138.7,143.3,0,116.8,130.9,0,0,130,0,0,0.63
2020,0.1,55.3,0,11.7,5.9,0,0,26.9,0,0.1,143,146.7,0,117.8,134.4,0,0,131.9,0,0,0.98
2021,0,46.5,0,11.8,0.3,0,0,41.2,0,0.2,0,147.2,0,118.2,134,0,0,132.6,0,0,1.86
2022,0,44.7,0,8.4,0.1,0,0,46.6,0,0.1,0,146.7,0,117.4,139,0,0,132.4,0,0,0.63
2023,0,44.4,0,13.2,0.3,0,0,42.2,0,0,0,147,0,118,132,0,0,133.1,0,0,1.36
2013,4.2,48.2,0,17.7,4,0.8,0,24.8,0,0.4,139.3,140.8,0,119.9,128.2,129.1,0,129.8,0,0,4.78
2014,5.7,47.4,0,18.5,3.3,0.5,0,24.5,0,0.2,137.8,141.2,0,120.6,128.9,126.3,0,129.9,0,0,1.64
2015,1.8,51.9,0,17.3,5.3,1.1,0,20.6,0,1.9,138.5,141.2,137,118.7,129.5,127.5,0,128.4,0,124.8,2.18
2016,1.5,46,0.1,17.2,6.1,0.4,0,28.8,0,0,137.9,140.4,136,118,128.8,123.5,0,128.9,0,0,-0.01
2017,1.2,45.7,0,17.1,7.2,0.1,0,28.6,0,0,140.7,141.4,0,118.4,130,128.3,0,130.8,0,132,3.08
2018,10.1,27,0,17,8.3,0.4,0,37.2,0,0,137.9,140.9,0,116.7,132,131,0,130.7,0,0,0.75
2019,2.6,33.5,0,23.5,0.4,0,0,40.1,0,0,140.4,141.3,0,118.7,135,0,0,131.2,0,0,0.07
2020,1.3,31.1,0,24.3,1.1,0,0,42.2,0,0,137.8,139.8,0,117.4,130.8,0,0,130,0,0,-0.09
2020,15.7,35.2,0,7,17,25,0,0,0,0,144.1,144.7,0,123.9,134.3,128.3,133,0,0,0,4.68
2013,2.1,50.8,0,15.7,26.3,3.3,0,1.6,0,0.1,135.9,138.5,0,115.2,128.8,125.3,0,126.5,0,123,5.24
2014,2.2,48.3,0,15.4,28.3,3.9,0,1.7,0,0.1,137.3,137.5,0,113.2,127,124.5,0,126.1,0,0,4.32
2015,0,53.7,0,11.6,26.6,2.8,0,2.5,0,2.8,142,139.5,0,113.9,128.9,125.3,0,128.3,0,131.7,5.56
2016,0.1,50.2,0,17.6,24.5,6.2,0,1.4,0,0,136,135.9,131,112.4,127.1,125,0,126.3,0,0,4.49
2017,0.6,46.4,0,14,33.7,4.7,0,0.6,0,0,132.5,135.5,0,112.6,126.9,123.4,0,125.8,0,0,5.84
2018,1.5,44.9,0,15.5,31.1,6.7,0,0.3,0,0,131.4,135,0,109.7,126.5,124.2,0,125.3,0,0,1.01
2019,0,41.1,0,18.2,27.8,12.8,0,0,0,0,0,130.7,0,106.8,122.4,121.3,0,0,0,0,2.15
2020,0,38.1,0,18.7,23.6,19.6,0,0,0,0,0,128.7,0,105.9,122.5,120.8,0,0,0,0,0.04
2013,20.5,33.7,5.6,20,16.4,2.7,0,1,0,0.1,142.5,144.2,141.3,120.4,132.8,131.9,0,129.8,0,0,3.53
2014,21.1,32.3,5.5,23.4,12.2,2.5,0,2.9,0,0.1,141.2,143.9,139.8,120.2,129.8,128.8,0,128.8,0,0,4.68
2015,6.6,32,12.9,19.7,24.2,1,0,2,0,1.5,140.1,142,138.5,118.7,129.4,129.4,0,129.2,0,125.8,5.99
2016,14.3,21.4,19.9,11.3,24.6,6.6,0,1.8,0,0.1,139.5,141.5,137.8,118.2,127.8,129.9,0,129.8,0,0,4.84
2017,18.2,8.2,23.7,12,20.2,17.4,0,0.2,0,0,139.4,142.2,137.2,117.8,127.9,129.7,0,129.3,0,125,5.21
2018,24.5,9.8,11.1,20.2,12.5,21.9,0,0,0,0.1,139.1,142.1,138.2,119.8,132.1,130.4,0,0,0,133,1.3
2021,11.3,47.5,0,1.2,17.4,22.1,0,0.3,0,0.2,145.5,149.5,0,121.7,134.8,132.9,0,137.5,0,0,2.1
2019,16.5,39.9,4.5,16.3,10.7,12.2,0,0,0,0,143.6,145.9,135.5,120.2,134.5,133.8,0,0,0,0,3.02
2018,0,54.4,0,13.5,15,17.1,0,0,0,0,0,139.5,0,116.6,122.7,123.6,0,0,0,0,-0.28
2019,0,68,0,21.7,2.2,8.1,0,0,0,0,0,139.8,0,115.3,127.3,123.9,0,0,0,0,0.97
2020,0,55.2,0,5.2,22.3,17.2,0,0,0,0,0,139.3,0,115.4,126.7,124.1,0,123,0,0,3.46
2021,0,57.8,0,2.5,27.7,11.9,0,0,0,0,0,138.5,0,110.8,126.5,123.1,0,0,0,0,4.88
2022,0,51.8,0,3.2,33.6,6.4,0,4.9,0,0,0,138.3,0,110.8,127.2,122.9,0,122.1,0,0,3.43
2023,0,52.9,0,10,30.1,5.6,0,1.2,0,0.2,0,137.9,0,112.9,127.2,122.6,0,121.3,0,0,1.23
2018,0.1,58.9,0,6.3,33,0.3,0,1.3,0,0,144,144.9,0,124.2,127.9,125.5,0,134.7,0,0,0.72
2019,24.8,31.6,0,1.3,29.2,12.5,0,0.5,0,0,142.3,145.2,0,122.9,128.6,132.7,0,129.1,0,0,0.85
2020,25.8,31.1,0,0.4,38.9,2.3,0,1.6,0,0,144.8,146.9,0,124.7,130,133.1,0,134.2,0,0,-0.35
2022,0,73,0,0,26.1,0.9,0,0,0,0,0,149.9,0,0,132.2,139,0,0,0,0,0.18
2023,14.6,38,0,0.2,42.7,3.5,0,0.5,0,0.5,142.3,145.7,0,124,130.7,134.2,0,134.3,0,0,-0.29
2016,0.3,55.1,0.8,10.6,14,0,0,19.1,0,0,141.9,144.8,137.1,125.3,132.1,0,0,133.3,0,0,4.76
2017,0,60.5,0.1,19.5,5.7,0,0,14.2,0,0,0,143.7,142,122.5,129.9,0,0,131.3,0,0,1.53
2018,27.5,27,3.5,13.1,24.6,4.2,0,0,0,0,144,145.7,143.5,128.3,133.2,129.8,0,0,0,0,6.89
2019,42.8,10.5,3.3,27.9,9.3,6.2,0,0,0,0,143.2,145.3,142.9,129,136.4,129.3,0,0,0,0,3.7
2020,40.1,11.2,2.1,36.2,3.2,7.1,0,0,0,0,140.6,142.2,139.5,127.8,136.6,128.6,0,0,0,127,2.74
2015,2.1,56.9,2.1,23.8,3.2,10,0,0,0,1.9,148.3,148.5,137.9,125.7,130.1,134.1,0,0,0,0,5.22
2015,10.5,45.3,0.2,14.3,18.4,8.9,0,0,0,2.3,140.9,142.2,136,122,129.7,131.6,0,0,0,132,4.15
2016,13.1,41.9,1,10.8,22.3,10.7,0,0,0,0.2,141.4,142.9,139.9,122.6,132.9,134.2,0,0,0,0,4.79
2017,25.8,26.7,0.2,14.2,12.8,20.2,0,0.1,0,0,141.6,143.4,135,123.4,133.1,132.6,0,135,0,0,5.61
2018,34.1,18,0.1,14,14.5,19.4,0,0,0,0,142,144.5,131,123.2,133.1,132.9,0,0,0,0,3.96
2019,27,19,2.3,15.9,16.8,19,0,0,0,0,141.5,144.1,139.4,123.2,136.3,131.8,0,0,0,0,5.16
2015,5.3,31.7,25,7.7,14.1,13,0,0,0,3.1,139.5,141,135.6,121.2,132.9,131.3,0,131,0,135.7,1.81
2020,27.8,26.7,10.7,18.1,3.8,12.8,0,0,0,0.1,146.3,148.2,138.7,124.5,136.2,128,0,0,0,0,4.12
2021,26.5,24.1,9.7,20.9,3.5,15.3,0,0,0,0.2,146.7,148.7,139.2,124.4,137.8,127.9,0,0,0,0,5.24
2022,30.8,23.1,8,16.2,9,12.8,0,0,0,0.1,147.1,148.7,138.6,127.6,135.9,126.7,0,0,0,0,2.27
2018,5.8,25.9,37,11.6,0.6,19.1,0,0,0,0,144.5,146.4,139.2,125.7,136.7,131.5,0,0,0,0,3.99
2019,9.5,21.7,36.2,14,4.4,14.3,0,0,0,0,145.7,147.7,140.8,126.3,141.2,132,0,0,0,0,2.44
2017,52.7,11.3,2.7,25,0.1,0.4,0,7.9,0,0,144.5,145.5,140.3,123.2,139,138,142,136.8,0,0,3.61
2013,1.4,51.2,0,2,30.1,14.8,0,0,0,0.4,135.1,139.2,0,115.3,129,125.2,133,0,0,128.4,2
2014,0.8,56.9,0,4.1,29,9,0,0.2,0,0.1,136.3,136.6,0,112.8,126.9,123.8,0,124.8,0,0,3.03
2015,0,56.2,0,5.2,30.6,5.8,0,0.1,0,2.2,0,138.4,0,116.2,129.2,127.3,0,130,0,126.5,0.89
2016,0,46.9,10.2,5.1,28,8.5,0,0.8,0,0.4,0,137.5,132.9,116.7,129.5,128.4,0,129.6,0,127,-0.16
2017,0,45.2,7.3,4.7,29.8,8.2,0,4.8,0,0,0,136.7,132.3,114.8,128.6,127.7,0,126.5,0,0,0.73
2018,0,52.5,2.3,9,22.1,3.8,0,10.2,0,0,0,137.9,134,115.1,128.8,126,0,127.7,0,0,0.61
2019,1.1,45,0,2.7,45.8,0,0,5.3,0,0,133,136,0,116.6,128.5,0,0,127.2,0,0,-0.18
2020,1.5,32.2,0,3.6,41.1,19.4,0,1.9,0,0.2,134.8,137.3,0,119.4,129.6,127.8,0,127,0,0,-0.01
2019,35.5,11.3,0,15.9,11.8,25.4,0,0,0,0,142.1,143.4,0,123.8,133.4,131.4,131,0,0,0,5.12
2020,41.2,3.7,0,21.9,11.9,21.3,0,0,0,0,143,144.7,0,126.8,135.9,131.9,0,0,0,0,6.08
2021,46.8,0.4,0,26.1,6.8,20,0,0,0,0,142.5,144.9,0,126.6,136.2,131.6,0,0,0,0,5.58
2022,54.1,0,0,23.8,5.2,16.6,0,0,0,0.3,143.2,0,0,125.4,135.8,133,0,0,0,0,6.25
2023,48.3,0,0,25.9,7.2,18.5,0,0,0,0.2,142,0,0,124.4,135.6,132.6,0,0,0,0,0.94
2014,0,45,0,12.1,24.1,18.8,0,0,0,0,0,140.6,0,118.9,130.5,129.4,0,0,0,116,4.04
2015,0,45,0.1,10.7,27.8,15.9,0,0,0,0.5,140,140.9,135,118.3,131.8,129.3,0,0,0,0,3.46
2016,0.2,45.1,0,11.3,29.3,14,0,0.1,0,0.1,137.6,142,139,119.4,133.9,131.6,135,134,0,0,5.37
2017,0,42.3,1.6,10.5,24.3,21.2,0,0,0,0.1,0,141.6,136.5,119.4,133.8,130.1,0,0,0,116,5.68
2018,0,44.6,0,11.3,24.9,19.2,0,0,0,0,0,140.2,0,120,134.2,129.8,0,0,0,0,-1.39
2019,0,45,0,15,28.3,11.7,0,0,0,0,0,138.3,0,117.4,130.9,129,0,0,0,0,0.01
2020,2.4,42.9,0,5.6,19.8,29.4,0,0,0,0,135,136.4,0,118,131.2,129,0,0,0,0,-0.18
2021,0.5,42.6,0,7.7,41.3,7.9,0,0,0,0,137.5,139.2,0,121.4,132.6,130.8,0,0,0,0,-0.16
2022,0,34.8,0,5.5,48.3,11.4,0,0,0,0,0,137.9,0,117.4,130,129.7,0,0,0,0,-0.09
2023,42.5,2.5,0,3.3,33.2,18.4,0,0,0,0,135.9,136.1,0,117.3,127.5,126.3,0,0,0,0,0.1
2013,1.4,43.9,0,9,14.3,4.6,0,24.4,0,2.5,135.1,141.6,0,112.9,128.8,121.1,0,130.8,0,0,3.38
2014,4.1,46.2,0,9.2,16.2,6.8,0,16.6,0,0.8,132.6,140.6,0,111.1,129.3,120.9,0,131.1,0,0,0.62
2015,2.8,39.7,0,8.6,16.1,9.6,0,20.7,0,2.5,141.2,141.3,0,112.2,130.3,123.3,0,132.2,0,111.6,1.15
2016,1.1,40,0,12.2,11.5,9.1,0,25.8,0,0.2,135.2,142.1,141,111.9,129.9,119.2,0,132,0,122.7,2.67
2017,4.8,40.4,0,7.2,8.6,10.5,0,28.3,0,0.2,135.6,141.2,0,109.6,127.3,119.9,0,131.2,0,105.7,1.17
2018,1.1,40.8,7.7,7.1,4.2,4.4,0,34.6,0,0,137.1,143.6,139,116.5,134,123.2,0,133,0,0,0.87
2020,0,44.4,0,1.9,24.1,1.9,0,27.8,0,0,0,139.3,0,116,130.3,122,0,127.2,0,0,0.09
2016,15.5,40.4,1.7,8,19.1,14.9,0.2,0.1,0,0.1,143.9,145.1,140.1,121.7,136.7,134,142.4,134,0,0,8.23
2017,1.6,48.3,1.1,12,17.9,19,0,0,0,0.1,141.4,145.5,139.7,120.9,137.6,133.8,0,132,0,125,7.32
2018,7.3,41.2,1.5,11.7,19.6,18.6,0,0,0,0,142.9,146.2,138.8,124.4,137.9,135.5,0,0,0,0,3.58
2022,0.2,50.6,0,17.9,24.2,6.7,0,0,0,0.5,146.4,145.9,141,121.4,133.9,132.4,0,0,0,0,5.26
2023,0,38.2,9.1,10.9,32.8,8.5,0,0,0,0.5,0,144,138.6,119.9,130.2,133.1,0,0,0,0,4.58
2020,4.3,41.6,0,5,36.4,12.7,0,0,0,0,143.9,144.7,0,120.7,135.1,135.4,0,0,0,0,8.18
2021,0.2,45,0.3,5.9,33.6,14.9,0,0,0,0.1,142.4,145.9,138.1,122.4,135.9,136,0,0,0,0,4.37
2022,0,44.9,0,4.3,32.1,18,0,0,0,0.6,0,143.6,0,120.9,131.9,133.9,0,0,0,0,2.44
2023,0.6,41.6,3.9,8.9,28,16.8,0,0,0,0.2,141.1,143.4,139.6,120.1,131.1,132.5,0,0,0,130,1.78
2014,14.5,44.7,0.3,8.7,18.7,12.3,0.7,0,0,0.1,134.4,136.4,131.6,110.7,125.3,121.7,138.2,124,0,0,3.08
2013,6.8,49.2,0,2.7,23.5,5.6,0,12,0,0.4,139.2,142.4,0,119.1,130.8,129.5,0,131.5,0,0,1.95
2014,4.6,48.5,0,1.5,25.7,6,0,13.4,0,0.3,138.3,140.5,138,118.7,128.1,129.4,0,131.3,0,99,1.95
2015,3.6,44.4,0.3,5.2,21.5,6.5,0,16.8,0,1.8,139.9,140.7,137.8,122.1,128.8,129.1,0,131.2,0,131.5,-0.18
2017,1.9,44.5,0,2.2,24.1,6.9,0,20.3,0,0,135.9,137.4,0,112.1,126.5,123.3,0,127.6,0,0,1.7
2018,3.9,45,0,2.6,22.2,1.8,0,24.5,0,0,133.8,138,0,115.4,126.9,124.6,0,128.2,0,0,0.3
2019,19.3,25.7,0.2,1.7,24.6,1.6,0,27.1,0,0,137.1,138.7,137,110.3,127.5,126.9,0,129.4,0,0,-0.26
2022,19.9,30.3,0.1,7.9,21.2,20.5,0,0,0,0,150.1,151.5,138.3,127.3,136.2,135.2,0,0,0,0,6.65
2023,22.1,28.5,0,7.4,21.4,20.5,0,0,0,0.1,148.2,150,0,124.2,135.7,134.7,0,0,0,0,2.52
2017,0.8,50.9,12.5,13.6,12.9,4,0,5.2,0,0.1,140.1,143.4,136.8,121.8,133.3,132.9,0,133.6,0,99.5,4.94
2018,3.5,52,0.6,12.1,21,2.5,0,8.4,0,0,142.2,144.8,139.1,122.5,134.9,134.3,0,135.1,0,0,1.53
2013,0,45.2,0,0.2,9.7,37.9,3.6,0,0,3.4,0,138.7,0,108.7,128.3,126.1,134.1,0,0,100,4.97
2014,2.3,44,0,0,1.8,47.6,4.2,0,0,0,132.5,137,0,111,127.2,124.1,134.5,0,0,0,4.1
2015,1,54.7,0,0,2.9,40.2,0,0.2,0,0.8,135,137.5,134,115,125,124.7,123,123.6,0,0,3.06
2016,2.7,53.1,0.1,0.4,0.3,43.3,0.1,0,0,0,132.8,137,132,119.7,128.3,121.1,129.3,0,0,126,2.31
2017,0.7,46.6,0.1,0,0.4,50.2,1.9,0,0,0,135.6,138.4,133.7,122,125.1,122.5,135.1,0,0,0,0.44
2018,0,43.3,0,0.3,7.8,45.7,3,0,0,0,0,138.2,0,116.9,120.2,123.2,135.1,0,0,0,3.46
2019,0,48.6,0,0,4.9,45.5,1,0,0,0,0,135.9,0,0,120.5,121.2,131.9,0,0,0,2.75
2020,0.1,48.2,0,0,1.7,50.1,0,0,0,0,139,134.8,0,0,123.3,120.1,0,0,0,0,0.49
2021,0,43.1,0,0,4.7,50.7,1.5,0,0,0.1,0,138.7,0,0,126,124.6,137.7,0,0,0,1.65
2022,0,47.7,0,0.1,4.3,47.7,0.2,0,0,0.1,0,139.3,0,119,130.7,124.7,132,0,0,0,1.02
2023,0,42.5,0.2,1.2,8.7,47.3,0,0,0,0.1,0,140.4,128.5,120.4,130.1,122.3,0,0,0,0,1.16
2015,9,55.2,6.2,12.5,7.5,5.7,1.4,0,0,2.5,142.7,143.4,139.5,123,136.5,133.8,142.2,0,0,129,3.74
2020,22.5,24.6,5.2,11.5,15.2,20.9,0,0,0,0,140.3,142.6,138.4,122.9,131.9,131.5,0,0,0,0,-0.24
2021,2.3,45.3,0.4,18.7,11,22.4,0,0,0,0,140.5,143.4,138.9,125,131.8,132.4,0,0,0,0,4.2
2022,37.1,16.4,0,14,8.4,23.8,0,0,0,0.3,141.4,143,0,124.1,129.2,133,0,0,0,0,0.45
2013,10.2,51.6,0.6,4.7,26.7,2,0,3.7,0,0.4,145.2,148.7,137.7,126.5,134.9,130.5,132,133.5,0,120.2,2.09
2014,4.2,52.9,1.8,1.4,30.6,2,0,6.9,0,0.2,146.1,150.5,141.4,126.9,137.4,132.7,153,134.3,0,0,3.18
2015,0.1,56.8,2.3,1.8,26.9,2.3,0,9,0,0.9,140.3,151.1,138.7,126.3,136,132.5,0,134.3,0,133.5,5.51
2016,2.2,55.7,0.7,4.6,23.2,0.7,0,12.9,0,0.1,147.9,149.7,140,127.4,136.1,129.9,0,132.2,0,121,2.54
2017,1.2,52.3,1.8,1.4,25.8,0.2,0,17.4,0,0,148.4,149.5,138.9,125.9,135.8,130,0,132.6,0,0,4.99
2018,2.2,48.8,0,1.7,17,0,0,30.3,0,0,148.1,149.5,0,126.4,135.8,0,0,132.6,0,0,6.02
2019,0.5,46.3,0,1.6,8.6,0,0,43,0,0,142,147,0,124.6,134,0,0,130,0,0,2.63
2019,19.8,32,0,12.9,16.2,19.1,0,0,0,0,143.8,145.9,0,123.1,135.1,132.6,0,0,0,0,5.06
2020,0.6,50.9,0,15.1,13.7,19.8,0,0,0,0,144.9,145.1,0,124.6,133,131.3,0,0,0,0,0.66
2015,7.6,38.3,9.4,13.4,6.7,22,0,0,0,2.6,142.1,143.9,141.4,125.1,131.8,128,0,0,0,123.7,2.79
2013,0,52.1,0,10.6,34.3,0.5,0,0.7,0,1.7,0,143.5,0,115.1,131.9,130.4,0,135.1,0,122,2.97
2014,0,54.7,0,11.7,31.1,0.4,0,1.7,0,0.3,0,143.3,0,114.9,131.3,130,0,133.5,0,119,0.17
2015,1.5,54.7,0,10.4,24.7,1.2,0,6.3,0,1.2,140.6,143.8,0,115.2,128.9,130.1,0,133.9,0,119,2.64
2016,0,47.5,0,9.4,23.7,3.3,0,16,0,0,0,142.8,0,112.5,128.5,131,0,133.2,0,0,3.37
2017,0,43.7,0,14.8,22.6,0.1,0,18.8,0,0,0,142.3,0,110.9,128.2,124.5,129,129.6,0,0,4.97
2018,0,43.7,0,12.1,29.5,0.1,0,14.5,0,0,0,142.1,0,110.8,129.3,128,0,130.1,0,0,1.67
2019,0,43.2,0,13.6,29.4,0.4,0,13.5,0,0,0,140.7,0,110.1,129.6,125,0,128.2,0,0,1.84
2020,0,42.2,0,12.3,26,0,0,19.5,0,0,0,140.3,0,109.7,128.2,0,0,127.6,0,0,0.7
2021,0,45.9,0,7.1,27.7,0,0,19,0,0.3,0,137.7,0,109.4,127.9,0,0,125.2,0,0,0.23
2021,0,55,0,4.7,15.5,24.8,0,0,0,0,0,145.4,0,123.7,132.5,131.5,0,0,0,0,2.8
2022,0,63.6,0,14,12.6,9.6,0,0,0,0.2,0,146.3,0,124.6,132.2,134.3,0,0,0,0,2.32
2023,0,59.2,0,7.8,21.2,11.5,0,0,0,0.2,0,146,0,123.8,132.3,132.9,0,0,0,0,2.78
2015,6.3,48.3,9.5,11.6,7.1,15.3,0,0,0,2,140.5,144.3,139.6,124.9,135.7,131.2,0,0,0,121.8,5.14
2016,14.5,42.4,14.8,7.2,4.6,16.1,0,0.1,0,0.3,143,146.1,140.4,127.5,133.1,133.8,0,136,0,129.5,6.23
2017,10.8,35.8,18.3,12.2,0.7,21.7,0,0.1,0,0.3,145,147.7,143.7,128.7,131.5,135.9,0,135.8,0,123.1,5.54
2018,7.2,38.3,15.3,16.9,2.3,20,0,0,0,0,146,148.9,143.6,130.2,140.9,137.9,0,0,0,0,5.23
2017,0,69.9,0.2,6.5,19.6,0,0,3.9,0,0,0,145.2,137,121,127,0,0,128.8,0,0,0.2
2018,0.4,54.1,0,1.9,26.1,0,0,17.4,0,0.1,144,144.6,0,121.6,128.8,0,0,130.4,0,0,0.94
2019,3.2,49,0,1.8,33.2,0,0,12.8,0,0,143.1,144.5,0,118,134.7,0,0,129.8,0,0,3.57
2020,0,55.3,0.8,3.4,33.8,0,0,6.6,0,0,0,145.9,137.8,116.3,136.1,0,0,130.6,0,0,2.39
2021,0,61.6,0,0.9,30.5,0.5,0,6.5,0,0,0,146,0,119.1,134,130.1,0,131.3,0,0,-0.04
2022,0,45.4,0,2.6,39,0,0,13,0,0,0,146.6,0,117.8,134.5,0,0,131.9,0,0,0.51
2023,0,49.3,0,2.8,37.6,0,0,10.2,0,0.1,0,148.2,0,123.8,136.2,0,0,131.8,0,0,-0.31
2013,0,48.7,0,16.9,7.9,12.8,13.3,0,0,0.5,0,136.2,0,117.1,121.8,123.6,134.3,0,0,131.2,3.23
2014,0,32.1,0.1,13.6,11.4,31.9,10.7,0,0,0.1,0,137.8,133,115.8,123.7,123.6,135.3,136,0,109,4.32
2015,1.6,41,0,15.6,14,21.7,4.9,0,0,1.3,131.5,137.2,0,116.6,123.5,123,127.2,0,0,133,5.93
2016,3.5,36,0,17.9,10.3,22.7,9.4,0,0,0.2,133,136,134,116.6,121.8,122.8,133.4,119,0,130,1.2
2017,0.5,45.9,0,14.9,13,20.2,5.4,0,0,0,133.1,137.4,0,115.1,125.4,122.4,130.3,0,0,114,1.63
2018,0.1,44.2,0,17.7,22.3,9.8,5.9,0,0,0,135,138.6,0,117.2,127.6,124.5,133.3,0,0,0,1.7
2019,0,44.2,0,18.6,24.7,5.4,7.1,0,0,0,0,138.2,0,118.6,127.6,125.3,131.8,0,0,0,1.73
2020,0.3,41.5,0,28.2,17.1,6.4,6.5,0,0,0,131,138.8,0,119.1,127.5,124.3,131.9,0,0,0,0.17
2021,0,43.8,0,30.1,19.5,5.4,1.3,0,0,0,0,137.8,0,119.4,126.9,124.9,131.8,0,0,0,0.77
2022,0,42.2,0,29.8,18,8.2,1.8,0,0,0,0,136.9,0,117.1,127.7,123.3,135.9,0,0,0,0.54
2023,0.5,34.1,0,39.8,21.7,3.4,0.3,0,0,0.1,133,136,0,117,128.5,123.2,137.5,0,0,0,0.15
2015,11.3,29.6,20.1,6.6,11.8,11.3,4.3,0.2,0,4.7,143.6,145.8,141.7,126.1,134.3,133.7,141.5,132.5,0,127.2,4.6
2016,18,29.7,13.5,5,10.7,22.7,0,0,0,0.4,142.6,144.7,139.4,126.3,132.6,133.7,0,0,0,126.7,3.61
2019,31.4,24.6,15,13.7,7.6,0.1,0,7.5,0,0,146.1,147.3,141.6,131.8,136.7,135.8,0,138.1,0,0,5.55
2020,28.7,23.8,24.6,12.4,4.3,0.1,0,6.1,0,0,145.8,146.6,138,128.4,137.8,133,0,135.2,0,0,6.87
2021,23.6,26.7,0,13.3,27.9,0,0,8.5,0,0,147.5,148.1,0,130.8,139.3,0,0,136.1,0,0,5.79
2022,20.7,32.4,0.9,15.1,25.8,0,0,5,0,0,148.3,149.1,140.7,130.5,140.9,141,0,137.3,0,0,5.68
2013,37.8,22.3,0.2,11.3,21.8,5.7,0.1,0.3,0,0.5,139.8,143.6,138.8,120.3,129.5,127.8,138.5,128.4,0,105.5,3.17
2014,26.2,23.1,0.5,10.3,23.5,9.4,6.8,0,0,0.2,139,143.1,137,118.3,130.2,126.6,138.6,0,0,130,0.3
2022,45,8.5,0,0.1,18.3,27.9,0,0,0,0.2,146.5,148.3,0,125,133,134.9,0,0,0,0,1.33
2023,14,34.1,0,18.8,1.6,31.4,0,0,0,0.2,145,146,0,129.5,132.2,133.6,0,0,0,133,4.2
2019,38.2,15.1,2.2,26,7.4,11.1,0,0,0,0,144.3,146.4,138.1,128.9,137.1,133.4,0,0,0,0,4.03
2020,25,22.6,2.1,24.8,20.4,5,0,0,0,0,144.3,146.7,137.9,129.9,137.6,134.5,0,0,0,0,5.57
2021,22.6,26.6,0.1,22.8,19.2,8.8,0,0,0,0,144.2,146.4,138,128.9,136.6,133.3,0,0,0,0,5.63
2022,21.3,26.4,0,24.8,14.8,12.6,0,0,0,0,145,146.7,0,129.8,137.6,134.3,0,0,0,0,5.26
2023,22.5,23.4,0,28.1,15.6,9.9,0,0.3,0,0.3,144.7,146.1,0,129.3,139.1,134.6,0,137.9,0,0,3.41
2020,11.5,40.2,17.6,3.5,15.5,11.7,0,0,0,0,143,147.1,138.9,117.6,136.4,127.9,0,0,0,0,3.37
2013,0,69.8,0,1.3,25.6,1.4,1.8,0,0,0.1,0,142.9,0,121,127.8,130.6,137.5,0,0,0,1.49
2014,0.1,53.2,0.1,1.1,32.8,9.2,2.8,0.3,0,0.4,142.5,144.5,129,124.6,129.2,128.5,141.5,130.2,0,101,2.55
2015,0,52.7,0,0.3,38.6,5.9,1.7,0,0,0.8,0,143,0,119.8,127.7,128.7,137.8,0,0,128,2.42
2017,0,47.1,0,0.1,44.8,8.1,0,0,0,0,0,142.9,0,109,129.9,131.4,0,0,0,0,1.62
2018,0,54.6,0,0.1,35.7,8,0,1.7,0,0,0,143.6,0,121,131.5,132.1,0,136.5,0,0,3.16
2019,0,61,0,0,36.8,2,0.3,0,0,0,0,146.3,0,0,133.1,133.4,144.3,0,0,0,1.1
2020,0,57.8,0,0,34.1,6.4,1.6,0,0,0,130,144.6,0,142,130.3,129.3,141.1,0,0,0,2.33
2021,0,55.9,0,0,34.2,9,0.8,0,0,0.1,0,144.2,0,0,129.2,130.9,142.5,0,0,0,1.93
2022,0.1,60.9,0,0.1,23.1,8.4,2.1,5,0,0.4,145,145.4,0,126,130.4,131.9,145.9,133.5,0,0,1.15
2023,0,52.5,0,0.3,38.6,5.6,0,3,0,0.2,0,143.2,0,125.4,126.8,130.3,0,130.5,0,0,0.95
